<?xml version="1.0" encoding="UTF-8" standalone="yes"?>
<ProxyEndpoint name="default">
    <Description/>
    <FaultRules/>
    <PreFlow name="PreFlow">
        <Request/>
        <Response/>
    </PreFlow>
    <PostFlow name="PostFlow">
        <Request/>
        <Response/>
    </PostFlow>
    <Flows>
        <Flow name="Get hotel by uuid">
            <Description>Get hotel by uuid</Description>
            <Request/>
            <Response/>
            <Condition>(proxy.pathsuffix MatchesPath "/hotels/*") and (request.verb = "GET")</Condition>
        </Flow>
        <Flow name="Create new hotel">
            <Description>Create new hotel</Description>
            <Request/>
            <Response/>
            <Condition>(proxy.pathsuffix MatchesPath "/hotels") and (request.verb = "POST")</Condition>
        </Flow>
        <Flow name="Find all hotels">
            <Description>Find all hotels</Description>
            <Request/>
            <Response/>
            <Condition>(proxy.pathsuffix MatchesPath "/hotels") and (request.verb = "GET")</Condition>
        </Flow>
    </Flows>
    <HTTPProxyConnection>
        <BasePath>/hotelsapi</BasePath>
        <Properties/>
        <VirtualHost>default</VirtualHost>
        <VirtualHost>secure</VirtualHost>
    </HTTPProxyConnection>
    <RouteRule name="default">
        <TargetEndpoint>default</TargetEndpoint>
    </RouteRule>
</ProxyEndpoint>